{"cameraMode":{"drawMode":0,"name":"Shaded","section":"Shading Mode"},"sceneLighting":true,"audioPlay":false,"sceneViewState":{"showFog":true,"showMaterialUpdate":false,"showSkybox":false,"showFlares":true,"showImageEffects":true,"showParticleSystems":true},"in2DMode":false,"pivot":{"x":127.30853271484375,"y":204.99639892578126,"z":-8.201385498046875},"rotation":{"x":0.07224464416503906,"y":0.007475881837308407,"z":-0.0005415186169557273,"w":0.9973585605621338},"size":217.41329956054688,"orthographic":false}